INSERT INTO LOCATION VALUES (1, '융복합관');
INSERT INTO LOCATION VALUES (2, 'IT 4호관');
INSERT INTO LOCATION VALUES (3, '공대 9호관');

INSERT INTO CLASSROOM VALUES ('1 345', 1, 70);
INSERT INTO CLASSROOM VALUES ('1 348', 1, 70);
INSERT INTO CLASSROOM VALUES ('1 351', 1, 60);
INSERT INTO CLASSROOM VALUES ('2 108', 2, 70);
INSERT INTO CLASSROOM VALUES ('2 104', 2, 70);
INSERT INTO CLASSROOM VALUES ('2 345', 2, 60);
INSERT INTO CLASSROOM VALUES ('3 415', 3, 70);
INSERT INTO CLASSROOM VALUES ('3 521', 3, 70);
INSERT INTO CLASSROOM VALUES ('3 418', 3, 60);


INSERT INTO STUDENT VALUES ('2017000000', '김영영', '0000');
INSERT INTO STUDENT VALUES ('2017000001', '김영일', '0001');
INSERT INTO STUDENT VALUES ('2017000002', '김영이', '0002');
INSERT INTO STUDENT VALUES ('2017000003', '김영삼', '0003');
INSERT INTO STUDENT VALUES ('2017000004', '김영사', '0004');
INSERT INTO STUDENT VALUES ('2017000005', '김영오', '0005');
INSERT INTO STUDENT VALUES ('2017000006', '김영육', '0006');
INSERT INTO STUDENT VALUES ('2017000007', '김영칠', '0007');
INSERT INTO STUDENT VALUES ('2017000008', '김영팔', '0008');
INSERT INTO STUDENT VALUES ('2017000009', '김영구', '0009');
INSERT INTO STUDENT VALUES ('2017000010', '김일영', '0010');
INSERT INTO STUDENT VALUES ('2017000011', '김일일', '0011');
INSERT INTO STUDENT VALUES ('2017000012', '김일이', '0012');
INSERT INTO STUDENT VALUES ('2017000013', '김일삼', '0013');
INSERT INTO STUDENT VALUES ('2017000014', '김일사', '0014');
INSERT INTO STUDENT VALUES ('2017000015', '김일오', '0015');
INSERT INTO STUDENT VALUES ('2017000016', '김일육', '0016');
INSERT INTO STUDENT VALUES ('2017000017', '김일칠', '0017');
INSERT INTO STUDENT VALUES ('2017000018', '김일팔', '0018');
INSERT INTO STUDENT VALUES ('2017000019', '김일구', '0019');
INSERT INTO STUDENT VALUES ('2017000020', '김이영', '0020');
INSERT INTO STUDENT VALUES ('2017000021', '김이일', '0021');
INSERT INTO STUDENT VALUES ('2017000022', '김이이', '0022');
INSERT INTO STUDENT VALUES ('2017000023', '김이삼', '0023');
INSERT INTO STUDENT VALUES ('2017000024', '이이사', '0024');
INSERT INTO STUDENT VALUES ('2017000025', '박이오', '0025');
INSERT INTO STUDENT VALUES ('2017000026', '장이육', '0026');
INSERT INTO STUDENT VALUES ('2017000027', '박이칠', '0027');
INSERT INTO STUDENT VALUES ('2017000028', '김이팔', '0028');
INSERT INTO STUDENT VALUES ('2017000029', '박영구', '0029');
INSERT INTO STUDENT VALUES ('2017000030', '문삼영', '0030');
INSERT INTO STUDENT VALUES ('2017000031', '강삼일', '0031');
INSERT INTO STUDENT VALUES ('2017000032', '곽삼이', '0032');
INSERT INTO STUDENT VALUES ('2017000033', '세삼삼', '0033');
INSERT INTO STUDENT VALUES ('2017000034', '김삼사', '0034');
INSERT INTO STUDENT VALUES ('2017000035', '오삼오', '0035');
INSERT INTO STUDENT VALUES ('2017000036', '유삼육', '0036');
INSERT INTO STUDENT VALUES ('2017000037', '박삼칠', '0037');
INSERT INTO STUDENT VALUES ('2017000038', '이삼팔', '0038');
INSERT INTO STUDENT VALUES ('2017000039', '사삼구', '0039');
INSERT INTO STUDENT VALUES ('2017000040', '박사영', '0040');
INSERT INTO STUDENT VALUES ('2017112535', '김요엘', '4230');
INSERT INTO STUDENT VALUES ('2017116167', '김지민', 'qwert');
INSERT INTO STUDENT VALUES ('2017112999', '강병오', '1234');

INSERT INTO PROFESSOR VALUES ('0000', '이호경', '0000');
INSERT INTO PROFESSOR VALUES ('0001', '박영철', '1111');
INSERT INTO PROFESSOR VALUES ('0002', '김상욱', '2222');
INSERT INTO PROFESSOR VALUES ('0003', '정설영', '3333');
INSERT INTO PROFESSOR VALUES ('0004', '탁병철', '4444');
INSERT INTO PROFESSOR VALUES ('0005', '정순기', '5555');

INSERT INTO COURSE VALUES (1, '컴파일러', '0000', '1 345');
INSERT INTO COURSE VALUES (2, '소프트웨어공학', '0000', '1 348');
INSERT INTO COURSE VALUES (3, '자바프로그래밍', '0001', '1 351');
INSERT INTO COURSE VALUES (4, '기초프로그래밍', '0001', '1 345');
INSERT INTO COURSE VALUES (5, '이산수학', '0002', '1 348');
INSERT INTO COURSE VALUES (6, '컴퓨터학개론', '0002', '1 351');
INSERT INTO COURSE VALUES (7, '데이타통신', '0003', '2 108');
INSERT INTO COURSE VALUES (8, '병렬프로그래밍', '0003', '2 104');
INSERT INTO COURSE VALUES (9, '자료구조', '0004', '2 345');
INSERT INTO COURSE VALUES (10, '알고리즘', '0004', '3 418');
INSERT INTO COURSE VALUES (11, '컴퓨터구조', '0005', '3 415');
INSERT INTO COURSE VALUES (12, '시스템프로그래밍', '0005', '3 521');

INSERT INTO CLASSHOUR VALUES (1, 1, '09:00:00', '12:00:00', 'MON');
INSERT INTO CLASSHOUR VALUES (2, 2, '13:30:00', '15:00:00', 'TUE');
INSERT INTO CLASSHOUR VALUES (3, 2, '15:00:00', '16:30:00', 'WED');
INSERT INTO CLASSHOUR VALUES (4, 3, '14:00:00', '18:00:00', 'THU');
INSERT INTO CLASSHOUR VALUES (5, 4, '14:00:00', '18:00:00', 'FRI');
INSERT INTO CLASSHOUR VALUES (6, 5, '10:30:00', '12:00:00', 'THU');
INSERT INTO CLASSHOUR VALUES (7, 5, '09:00:00', '10:30:00', 'TUE');
INSERT INTO CLASSHOUR VALUES (8, 6, '18:00:00', '21:00:00', 'MON');
INSERT INTO CLASSHOUR VALUES (9, 7, '09:00:00', '12:00:00', 'TUE');
INSERT INTO CLASSHOUR VALUES (10, 8, '13:30:00', '15:00:00', 'WED');
INSERT INTO CLASSHOUR VALUES (11, 8, '15:00:00', '16:30:00', 'THU');
INSERT INTO CLASSHOUR VALUES (12, 9, '14:00:00', '18:00:00', 'FRI');
INSERT INTO CLASSHOUR VALUES (13, 9, '14:00:00', '18:00:00', 'MON');
INSERT INTO CLASSHOUR VALUES (14, 10, '10:30:00', '12:00:00', 'FRI');
INSERT INTO CLASSHOUR VALUES (15, 11, '09:00:00', '10:30:00', 'TUE');
INSERT INTO CLASSHOUR VALUES (16, 12, '15:00:00', '18:00:00', 'MON');

INSERT INTO EXAM VALUES (1, 1, '1 345', '09:00:00', '12:00:00', 'MON');
INSERT INTO EXAM VALUES (2, 1, '1 348', '09:00:00', '12:00:00', 'MON');
INSERT INTO EXAM VALUES (3, 2, '1 345', '15:00:00', '17:00:00', 'THU');
INSERT INTO EXAM VALUES (4, 3, '1 351', '12:00:00', '15:00:00', 'THU');
INSERT INTO EXAM VALUES (5, 4, '1 345', '09:00:00', '12:00:00', 'FRI');
INSERT INTO EXAM VALUES (6, 5, '1 348', '10:30:00', '12:00:00', 'TUE');
INSERT INTO EXAM VALUES (7, 6, '1 351', '10:30:00', '12:00:00', 'TUE');

INSERT INTO MESSAGE VALUES (1, '0000', 1, '0001', 3, '테스트 메시지', '09:00:00', '12:00:00', 'MON', '내용은 없습니다.', '2019-05-08 00:00:08');

INSERT INTO TAKE_CLASS VALUES ('2017000000', 1);
INSERT INTO TAKE_CLASS VALUES ('2017000001', 2);
INSERT INTO TAKE_CLASS VALUES ('2017000002', 3);
INSERT INTO TAKE_CLASS VALUES ('2017000003', 4);
INSERT INTO TAKE_CLASS VALUES ('2017000004', 5);
INSERT INTO TAKE_CLASS VALUES ('2017000005', 6);
INSERT INTO TAKE_CLASS VALUES ('2017000006', 1);
INSERT INTO TAKE_CLASS VALUES ('2017000007', 2);
INSERT INTO TAKE_CLASS VALUES ('2017000008', 3);
INSERT INTO TAKE_CLASS VALUES ('2017000009', 4);
INSERT INTO TAKE_CLASS VALUES ('2017000000', 2);
INSERT INTO TAKE_CLASS VALUES ('2017000001', 3);
INSERT INTO TAKE_CLASS VALUES ('2017000002', 4);
INSERT INTO TAKE_CLASS VALUES ('2017000003', 5);
INSERT INTO TAKE_CLASS VALUES ('2017000004', 6);
INSERT INTO TAKE_CLASS VALUES ('2017000005', 1);
INSERT INTO TAKE_CLASS VALUES ('2017000006', 2);
INSERT INTO TAKE_CLASS VALUES ('2017000007', 3);
INSERT INTO TAKE_CLASS VALUES ('2017000008', 4);
INSERT INTO TAKE_CLASS VALUES ('2017000009', 5);
INSERT INTO TAKE_CLASS VALUES ('2017000010', 5);
INSERT INTO TAKE_CLASS VALUES ('2017000011', 6);
INSERT INTO TAKE_CLASS VALUES ('2017000012', 1);
INSERT INTO TAKE_CLASS VALUES ('2017000013', 2);
INSERT INTO TAKE_CLASS VALUES ('2017000014', 3);
INSERT INTO TAKE_CLASS VALUES ('2017000015', 4);
INSERT INTO TAKE_CLASS VALUES ('2017000016', 5);
INSERT INTO TAKE_CLASS VALUES ('2017000017', 6);
INSERT INTO TAKE_CLASS VALUES ('2017000018', 1);
INSERT INTO TAKE_CLASS VALUES ('2017000019', 2);
INSERT INTO TAKE_CLASS VALUES ('2017000020', 3);
INSERT INTO TAKE_CLASS VALUES ('2017000010', 6);
INSERT INTO TAKE_CLASS VALUES ('2017000011', 1);
INSERT INTO TAKE_CLASS VALUES ('2017000012', 2);
INSERT INTO TAKE_CLASS VALUES ('2017000013', 3);
INSERT INTO TAKE_CLASS VALUES ('2017000014', 4);
INSERT INTO TAKE_CLASS VALUES ('2017000015', 5);
INSERT INTO TAKE_CLASS VALUES ('2017000016', 6);
INSERT INTO TAKE_CLASS VALUES ('2017000017', 1);
INSERT INTO TAKE_CLASS VALUES ('2017000018', 2);
INSERT INTO TAKE_CLASS VALUES ('2017000019', 3);
INSERT INTO TAKE_CLASS VALUES ('2017000020', 4);
INSERT INTO TAKE_CLASS VALUES ('2017000000', 7);
INSERT INTO TAKE_CLASS VALUES ('2017000001', 8);
INSERT INTO TAKE_CLASS VALUES ('2017000002', 9);
INSERT INTO TAKE_CLASS VALUES ('2017000003', 10);
INSERT INTO TAKE_CLASS VALUES ('2017000004', 11);
INSERT INTO TAKE_CLASS VALUES ('2017000005', 12);
INSERT INTO TAKE_CLASS VALUES ('2017000006', 7);
INSERT INTO TAKE_CLASS VALUES ('2017000007', 8);
INSERT INTO TAKE_CLASS VALUES ('2017000008', 9);
INSERT INTO TAKE_CLASS VALUES ('2017000009', 10);
INSERT INTO TAKE_CLASS VALUES ('2017000000', 12);
INSERT INTO TAKE_CLASS VALUES ('2017000021', 11);
INSERT INTO TAKE_CLASS VALUES ('2017000022', 4);
INSERT INTO TAKE_CLASS VALUES ('2017000023', 5);
INSERT INTO TAKE_CLASS VALUES ('2017000024', 6);
INSERT INTO TAKE_CLASS VALUES ('2017000025', 1);
INSERT INTO TAKE_CLASS VALUES ('2017000026', 2);
INSERT INTO TAKE_CLASS VALUES ('2017000027', 3);
INSERT INTO TAKE_CLASS VALUES ('2017000028', 4);
INSERT INTO TAKE_CLASS VALUES ('2017000029', 5);
INSERT INTO TAKE_CLASS VALUES ('2017000030', 5);
INSERT INTO TAKE_CLASS VALUES ('2017000031', 6);
INSERT INTO TAKE_CLASS VALUES ('2017000032', 1);
INSERT INTO TAKE_CLASS VALUES ('2017000033', 2);
INSERT INTO TAKE_CLASS VALUES ('2017000034', 3);
INSERT INTO TAKE_CLASS VALUES ('2017000035', 4);
INSERT INTO TAKE_CLASS VALUES ('2017000036', 5);
INSERT INTO TAKE_CLASS VALUES ('2017000037', 6);
INSERT INTO TAKE_CLASS VALUES ('2017000038', 1);
INSERT INTO TAKE_CLASS VALUES ('2017000039', 2);
INSERT INTO TAKE_CLASS VALUES ('2017000040', 3);
INSERT INTO TAKE_CLASS VALUES ('2017112535', 6);
INSERT INTO TAKE_CLASS VALUES ('2017000021', 7);
INSERT INTO TAKE_CLASS VALUES ('2017000022', 8);
INSERT INTO TAKE_CLASS VALUES ('2017000023', 9);
INSERT INTO TAKE_CLASS VALUES ('2017000024', 10);
INSERT INTO TAKE_CLASS VALUES ('2017000025', 11);
INSERT INTO TAKE_CLASS VALUES ('2017000026', 12);
INSERT INTO TAKE_CLASS VALUES ('2017000027', 7);
INSERT INTO TAKE_CLASS VALUES ('2017000028', 8);
INSERT INTO TAKE_CLASS VALUES ('2017000029', 9);
INSERT INTO TAKE_CLASS VALUES ('2017000030', 10);
INSERT INTO TAKE_CLASS VALUES ('2017116167', 10);
INSERT INTO TAKE_CLASS VALUES ('2017112999', 10);
INSERT INTO TAKE_CLASS VALUES ('2017116167', 1);
INSERT INTO TAKE_CLASS VALUES ('2017112999', 2);
INSERT INTO TAKE_CLASS VALUES ('2017116167', 3);
INSERT INTO TAKE_CLASS VALUES ('2017112999', 4);
