INSERT INTO LOCATION VALUES (1, '융복합관');

INSERT INTO CLASSROOM VALUES ('1 345', 1, 70);
INSERT INTO CLASSROOM VALUES ('1 348', 1, 70);
INSERT INTO CLASSROOM VALUES ('1 351', 1, 60);


INSERT INTO STUDENT VALUES ('2017000000', '김영영', '0000');
INSERT INTO STUDENT VALUES ('2017000001', '김영일', '0001');
INSERT INTO STUDENT VALUES ('2017000002', '김영이', '0002');
INSERT INTO STUDENT VALUES ('2017000003', '김영삼', '0003');
INSERT INTO STUDENT VALUES ('2017000004', '김영사', '0004');
INSERT INTO STUDENT VALUES ('2017000005', '김영오', '0005');
INSERT INTO STUDENT VALUES ('2017000006', '김영육', '0006');
INSERT INTO STUDENT VALUES ('2017000007', '김영칠', '0007');
INSERT INTO STUDENT VALUES ('2017000008', '김영팔', '0008');
INSERT INTO STUDENT VALUES ('2017000009', '김영구', '0009');
INSERT INTO STUDENT VALUES ('2017000010', '김일영', '0010');
INSERT INTO STUDENT VALUES ('2017000011', '김일일', '0011');
INSERT INTO STUDENT VALUES ('2017000012', '김일이', '0012');
INSERT INTO STUDENT VALUES ('2017000013', '김일삼', '0013');
INSERT INTO STUDENT VALUES ('2017000014', '김일사', '0014');
INSERT INTO STUDENT VALUES ('2017000015', '김일오', '0015');
INSERT INTO STUDENT VALUES ('2017000016', '김일육', '0016');
INSERT INTO STUDENT VALUES ('2017000017', '김일칠', '0017');
INSERT INTO STUDENT VALUES ('2017000018', '김일팔', '0018');
INSERT INTO STUDENT VALUES ('2017000019', '김일구', '0019');
INSERT INTO STUDENT VALUES ('2017000020', '김이영', '0020');

INSERT INTO PROFESSOR VALUES ('0000', '영교수', '0000');
INSERT INTO PROFESSOR VALUES ('0001', '일교수', '1111');
INSERT INTO PROFESSOR VALUES ('0002', '이교수', '2222');

INSERT INTO COURSE VALUES (1, '컴파일러', '0000', '1 345');
INSERT INTO COURSE VALUES (2, '소프트웨어공학', '0000', '1 348');
INSERT INTO COURSE VALUES (3, '자바프로그래밍', '0001', '1 351');
INSERT INTO COURSE VALUES (4, '기초프로그래밍', '0001', '1 345');
INSERT INTO COURSE VALUES (5, '이산수학', '0002', '1 348');
INSERT INTO COURSE VALUES (6, '컴퓨터학개론', '0002', '1 351');

INSERT INTO CLASSHOUR VALUES (1, 1, '09:00:00', '12:00:00', 'MON');
INSERT INTO CLASSHOUR VALUES (2, 2, '13:30:00', '15:00:00', 'TUE');
INSERT INTO CLASSHOUR VALUES (3, 2, '15:00:00', '16:30:00', 'WED');
INSERT INTO CLASSHOUR VALUES (4, 3, '14:00:00', '18:00:00', 'THU');
INSERT INTO CLASSHOUR VALUES (5, 4, '14:00:00', '18:00:00', 'FRI');
INSERT INTO CLASSHOUR VALUES (6, 5, '10:30:00', '12:00:00', 'THU');
INSERT INTO CLASSHOUR VALUES (7, 5, '09:00:00', '10:30:00', 'TUE');
INSERT INTO CLASSHOUR VALUES (8, 6, '18:00:00', '21:00:00', 'MON');

INSERT INTO EXAM VALUES (1, 1, '1 345', '09:00:00', '12:00:00', 'MON');
INSERT INTO EXAM VALUES (2, 1, '1 348', '09:00:00', '12:00:00', 'MON');
INSERT INTO EXAM VALUES (3, 2, '1 345', '15:00:00', '17:00:00', 'THU');
INSERT INTO EXAM VALUES (4, 3, '1 351', '12:00:00', '15:00:00', 'THU');
INSERT INTO EXAM VALUES (5, 4, '1 345', '09:00:00', '12:00:00', 'FRI');
INSERT INTO EXAM VALUES (6, 5, '1 348', '10:30:00', '12:00:00', 'TUE');
INSERT INTO EXAM VALUES (7, 6, '1 351', '10:30:00', '12:00:00', 'TUE');

INSERT INTO TAKE_CLASS VALUES ('2017000000', 1);
INSERT INTO TAKE_CLASS VALUES ('2017000001', 2);
INSERT INTO TAKE_CLASS VALUES ('2017000002', 3);
INSERT INTO TAKE_CLASS VALUES ('2017000003', 4);
INSERT INTO TAKE_CLASS VALUES ('2017000004', 5);
INSERT INTO TAKE_CLASS VALUES ('2017000005', 6);
INSERT INTO TAKE_CLASS VALUES ('2017000006', 1);
INSERT INTO TAKE_CLASS VALUES ('2017000007', 2);
INSERT INTO TAKE_CLASS VALUES ('2017000008', 3);
INSERT INTO TAKE_CLASS VALUES ('2017000009', 4);
INSERT INTO TAKE_CLASS VALUES ('2017000000', 2);
INSERT INTO TAKE_CLASS VALUES ('2017000001', 3);
INSERT INTO TAKE_CLASS VALUES ('2017000002', 4);
INSERT INTO TAKE_CLASS VALUES ('2017000003', 5);
INSERT INTO TAKE_CLASS VALUES ('2017000004', 6);
INSERT INTO TAKE_CLASS VALUES ('2017000005', 1);
INSERT INTO TAKE_CLASS VALUES ('2017000006', 2);
INSERT INTO TAKE_CLASS VALUES ('2017000007', 3);
INSERT INTO TAKE_CLASS VALUES ('2017000008', 4);
INSERT INTO TAKE_CLASS VALUES ('2017000009', 5);
INSERT INTO TAKE_CLASS VALUES ('2017000010', 5);
INSERT INTO TAKE_CLASS VALUES ('2017000011', 6);
INSERT INTO TAKE_CLASS VALUES ('2017000012', 1);
INSERT INTO TAKE_CLASS VALUES ('2017000013', 2);
INSERT INTO TAKE_CLASS VALUES ('2017000014', 3);
INSERT INTO TAKE_CLASS VALUES ('2017000015', 4);
INSERT INTO TAKE_CLASS VALUES ('2017000016', 5);
INSERT INTO TAKE_CLASS VALUES ('2017000017', 6);
INSERT INTO TAKE_CLASS VALUES ('2017000018', 1);
INSERT INTO TAKE_CLASS VALUES ('2017000019', 2);
INSERT INTO TAKE_CLASS VALUES ('2017000020', 3);
INSERT INTO TAKE_CLASS VALUES ('2017000010', 6);
INSERT INTO TAKE_CLASS VALUES ('2017000011', 1);
INSERT INTO TAKE_CLASS VALUES ('2017000012', 2);
INSERT INTO TAKE_CLASS VALUES ('2017000013', 3);
INSERT INTO TAKE_CLASS VALUES ('2017000014', 4);
INSERT INTO TAKE_CLASS VALUES ('2017000015', 5);
INSERT INTO TAKE_CLASS VALUES ('2017000016', 6);
INSERT INTO TAKE_CLASS VALUES ('2017000017', 1);
INSERT INTO TAKE_CLASS VALUES ('2017000018', 2);
INSERT INTO TAKE_CLASS VALUES ('2017000019', 3);
INSERT INTO TAKE_CLASS VALUES ('2017000020', 4);
